Workbook

Sheet Blad1
A1: Positie | B1: Naam van positie | C1: Verschijningsvorm | D1: Advertentie 1 | E1: Advertentie 2 | F1: Defaultwaarde | G1: Aantal pagina's | H1: Advertenties | I1: Advertentieaanbod | J1: Advertentieaanbod_tweede keus | K1: Advertentieaanbod_derde keus | L1: Advertentieaanbod_vierde keus | M1: =SUM(G2:G11) -> 16 | N1: Gewenste templatesoort | O1: Laatste Run
A2: NM-NO | B2: Regiospread Noord | C2: Spread | D2: Geen | E2: Geen | F2: Spread | G2: =IF(C2="Spread",2,IF(C2="Enkele pagina",1,IF(C2="Niet",0,""))) -> 2 | H2: =IF(AND(OR(D2="Geen",D2=""),OR(E2="Geen",E2="")),"W00",IF(OR(D2="Geen",D2=""),TRIM(LEFT(E2,3)),IF(OR(E2="Geen",E2=""),TRIM(LEFT(D2,3)),IF(VALUE(MID(TRIM(LEFT(D2,3)),2,99))<=VALUE(MID(TRIM(LEFT(E2,3)),2,99)),TRIM(LEFT(D2,3))&"+" &TRIM(LEFT(E2,3)),TRIM(LEFT(E2,3))&"+" &TRIM(LEFT(D2,3)))))) -> W00 | I2: =IF(H2="","",IFERROR(H2 & "; " & VLOOKUP(H2,Mapping_Gewenst!$A$2:$B$20,2,FALSE),H2)) -> W00 | J2: =IF(OR(H2="",H2="Geen"),"",IF(H2<>"W00",H2,"W32")) -> W32 | K2: =IF(OR(H2="",H2="Geen"),"",IF(H2<>"W00",H2,"W23")) -> W23 | L2: =IF(OR(I2="",H2="Geen"),"",IF(H2<>"W00",H2,"W16")) -> W16 | M2: (Totaal pagina's met unieke content) | N2: =IF(C2="Spread","Spread; Combinatie; Combi_noodgreep",IF(C2="Enkele pagina","Enkele pagina",IF(C2="niet",NA(),""))) -> Spread; Combinatie; Combi_noodgreep
A3: NM-MI | B3: Regiospread Midden | C3: Spread | D3: Geen | E3: Geen | F3: Spread | G3: =IF(C3="Spread",2,IF(C3="Enkele pagina",1,IF(C3="Niet",0,""))) -> 2 | H3: =IF(AND(OR(D3="Geen",D3=""),OR(E3="Geen",E3="")),"W00",IF(OR(D3="Geen",D3=""),TRIM(LEFT(E3,3)),IF(OR(E3="Geen",E3=""),TRIM(LEFT(D3,3)),IF(VALUE(MID(TRIM(LEFT(D3,3)),2,99))<=VALUE(MID(TRIM(LEFT(E3,3)),2,99)),TRIM(LEFT(D3,3))&"+" &TRIM(LEFT(E3,3)),TRIM(LEFT(E3,3))&"+" &TRIM(LEFT(D3,3)))))) -> W00 | I3: =IF(H3="","",IFERROR(H3 & "; " & VLOOKUP(H3,Mapping_Gewenst!$A$2:$B$20,2,FALSE),H3)) -> W00 | J3: =IF(OR(H3="",H3="Geen"),"",IF(H3<>"W00",H3,"W32")) -> W32 | K3: =IF(OR(H3="",H3="Geen"),"",IF(H3<>"W00",H3,"W23")) -> W23 | L3: =IF(OR(I3="",H3="Geen"),"",IF(H3<>"W00",H3,"W16")) -> W16 | N3: =IF(C3="Spread","Spread; Combinatie; Combi_noodgreep",IF(C3="Enkele pagina","Enkele pagina",IF(C3="niet",NA(),""))) -> Spread; Combinatie; Combi_noodgreep
A4: NM-U1 | B4: Overloop Noord/Midden | C4: Spread | D4: Geen | E4: Geen | F4: Spread | G4: =IF(C4="Spread",2,IF(C4="Enkele pagina",1,IF(C4="Niet",0,""))) -> 2 | H4: =IF(AND(OR(D4="Geen",D4=""),OR(E4="Geen",E4="")),"W00",IF(OR(D4="Geen",D4=""),TRIM(LEFT(E4,3)),IF(OR(E4="Geen",E4=""),TRIM(LEFT(D4,3)),IF(VALUE(MID(TRIM(LEFT(D4,3)),2,99))<=VALUE(MID(TRIM(LEFT(E4,3)),2,99)),TRIM(LEFT(D4,3))&"+" &TRIM(LEFT(E4,3)),TRIM(LEFT(E4,3))&"+" &TRIM(LEFT(D4,3)))))) -> W00 | I4: =IF(H4="","",IFERROR(H4 & "; " & VLOOKUP(H4,Mapping_Gewenst!$A$2:$B$20,2,FALSE),H4)) -> W00 | J4: =IF(OR(H4="",H4="Geen"),"",IF(H4<>"W00",H4,"W32")) -> W32 | K4: =IF(OR(H4="",H4="Geen"),"",IF(H4<>"W00",H4,"W23")) -> W23 | L4: =IF(OR(I4="",H4="Geen"),"",IF(H4<>"W00",H4,"W16")) -> W16 | N4: =IF(C4="Spread","Spread; Combinatie; Combi_noodgreep",IF(C4="Enkele pagina","Enkele pagina",IF(C4="niet",NA(),""))) -> Spread; Combinatie; Combi_noodgreep | O4: {=IF($C4="niet","", IF( 1+SUMPRODUCT( --(CHOOSE({1;2;3;4;5},$C$4,$C$16,$C$17,$C$18,$C$19)<>"niet")* --(--RIGHT(CHOOSE({1;2;3;4;5},$A$4,$A$16,$A$17,$A$18,$A$19),1) > --RIGHT($A4,1)) )=1, "laatste", IF( 1+SUMPRODUCT( --(CHOOSE({1;2;3;4;5},$C$4,$C$16,$C$17,$C$18,$C$19)<>"niet")* --(--RIGHT(CHOOSE({1;2;3;4;5},$A$4,$A$16,$A$17,$A$18,$A$19),1) > --RIGHT($A4,1)) )=2, "voorlaatste", "" ) ) )}
A5: ZU-SG | B5: Regiospread Sittard | C5: Spread | D5: Geen | E5: Geen | F5: Spread | G5: =IF(C5="Spread",2,IF(C5="Enkele pagina",1,IF(C5="Niet",0,""))) -> 2 | H5: =IF(AND(OR(D5="Geen",D5=""),OR(E5="Geen",E5="")),"W00",IF(OR(D5="Geen",D5=""),TRIM(LEFT(E5,3)),IF(OR(E5="Geen",E5=""),TRIM(LEFT(D5,3)),IF(VALUE(MID(TRIM(LEFT(D5,3)),2,99))<=VALUE(MID(TRIM(LEFT(E5,3)),2,99)),TRIM(LEFT(D5,3))&"+" &TRIM(LEFT(E5,3)),TRIM(LEFT(E5,3))&"+" &TRIM(LEFT(D5,3)))))) -> W00 | I5: =IF(H5="","",IFERROR(H5 & "; " & VLOOKUP(H5,Mapping_Gewenst!$A$2:$B$20,2,FALSE),H5)) -> W00 | J5: =IF(OR(H5="",H5="Geen"),"",IF(H5<>"W00",H5,"W32")) -> W32 | K5: =IF(OR(H5="",H5="Geen"),"",IF(H5<>"W00",H5,"W23")) -> W23 | L5: =IF(OR(I5="",H5="Geen"),"",IF(H5<>"W00",H5,"W16")) -> W16 | N5: =IF(C5="Spread","Spread; Combinatie; Combi_noodgreep",IF(C5="Enkele pagina","Enkele pagina",IF(C5="niet",NA(),""))) -> Spread; Combinatie; Combi_noodgreep
A6: ZU-MH | B6: Regiospread Maastricht/H | C6: Spread | D6: Geen | E6: Geen | F6: Spread | G6: =IF(C6="Spread",2,IF(C6="Enkele pagina",1,IF(C6="Niet",0,""))) -> 2 | H6: =IF(AND(OR(D6="Geen",D6=""),OR(E6="Geen",E6="")),"W00",IF(OR(D6="Geen",D6=""),TRIM(LEFT(E6,3)),IF(OR(E6="Geen",E6=""),TRIM(LEFT(D6,3)),IF(VALUE(MID(TRIM(LEFT(D6,3)),2,99))<=VALUE(MID(TRIM(LEFT(E6,3)),2,99)),TRIM(LEFT(D6,3))&"+" &TRIM(LEFT(E6,3)),TRIM(LEFT(E6,3))&"+" &TRIM(LEFT(D6,3)))))) -> W00 | I6: =IF(H6="","",IFERROR(H6 & "; " & VLOOKUP(H6,Mapping_Gewenst!$A$2:$B$20,2,FALSE),H6)) -> W00 | J6: =IF(OR(H6="",H6="Geen"),"",IF(H6<>"W00",H6,"W32")) -> W32 | K6: =IF(OR(H6="",H6="Geen"),"",IF(H6<>"W00",H6,"W23")) -> W23 | L6: =IF(OR(I6="",H6="Geen"),"",IF(H6<>"W00",H6,"W16")) -> W16 | N6: =IF(C6="Spread","Spread; Combinatie; Combi_noodgreep",IF(C6="Enkele pagina","Enkele pagina",IF(C6="niet",NA(),""))) -> Spread; Combinatie; Combi_noodgreep
A7: ZU-PS | B7: Regiospread Parkstad | C7: Spread | D7: Geen | E7: Geen | F7: Spread | G7: =IF(C7="Spread",2,IF(C7="Enkele pagina",1,IF(C7="Niet",0,""))) -> 2 | H7: =IF(AND(OR(D7="Geen",D7=""),OR(E7="Geen",E7="")),"W00",IF(OR(D7="Geen",D7=""),TRIM(LEFT(E7,3)),IF(OR(E7="Geen",E7=""),TRIM(LEFT(D7,3)),IF(VALUE(MID(TRIM(LEFT(D7,3)),2,99))<=VALUE(MID(TRIM(LEFT(E7,3)),2,99)),TRIM(LEFT(D7,3))&"+" &TRIM(LEFT(E7,3)),TRIM(LEFT(E7,3))&"+" &TRIM(LEFT(D7,3)))))) -> W00 | I7: =IF(H7="","",IFERROR(H7 & "; " & VLOOKUP(H7,Mapping_Gewenst!$A$2:$B$20,2,FALSE),H7)) -> W00 | J7: =IF(OR(H7="",H7="Geen"),"",IF(H7<>"W00",H7,"W32")) -> W32 | K7: =IF(OR(H7="",H7="Geen"),"",IF(H7<>"W00",H7,"W23")) -> W23 | L7: =IF(OR(I7="",H7="Geen"),"",IF(H7<>"W00",H7,"W16")) -> W16 | N7: =IF(C7="Spread","Spread; Combinatie; Combi_noodgreep",IF(C7="Enkele pagina","Enkele pagina",IF(C7="niet",NA(),""))) -> Spread; Combinatie; Combi_noodgreep
A8: ZU-U1 | B8: Overloop Zuid | C8: Spread | D8: Geen | E8: Geen | F8: Spread | G8: =IF(C8="Spread",2,IF(C8="Enkele pagina",1,IF(C8="Niet",0,""))) -> 2 | H8: =IF(AND(OR(D8="Geen",D8=""),OR(E8="Geen",E8="")),"W00",IF(OR(D8="Geen",D8=""),TRIM(LEFT(E8,3)),IF(OR(E8="Geen",E8=""),TRIM(LEFT(D8,3)),IF(VALUE(MID(TRIM(LEFT(D8,3)),2,99))<=VALUE(MID(TRIM(LEFT(E8,3)),2,99)),TRIM(LEFT(D8,3))&"+" &TRIM(LEFT(E8,3)),TRIM(LEFT(E8,3))&"+" &TRIM(LEFT(D8,3)))))) -> W00 | I8: =IF(H8="","",IFERROR(H8 & "; " & VLOOKUP(H8,Mapping_Gewenst!$A$2:$B$20,2,FALSE),H8)) -> W00 | J8: =IF(OR(H8="",H8="Geen"),"",IF(H8<>"W00",H8,"W32")) -> W32 | K8: =IF(OR(H8="",H8="Geen"),"",IF(H8<>"W00",H8,"W23")) -> W23 | L8: =IF(OR(I8="",H8="Geen"),"",IF(H8<>"W00",H8,"W16")) -> W16 | N8: =IF(C8="Spread","Spread; Combinatie; Combi_noodgreep",IF(C8="Enkele pagina","Enkele pagina",IF(C8="niet",NA(),""))) -> Spread; Combinatie; Combi_noodgreep | O8: {=IF($C8="niet","", IF(1+SUMPRODUCT(--(IF(CHOOSE({1;2;3;4;5},$C$8,$C$12,$C$13,$C$14,$C$15)<>"niet", --RIGHT(CHOOSE({1;2;3;4;5},$A$8,$A$12,$A$13,$A$14,$A$15),1), -1) >--RIGHT($A8,1)))=1, "laatste", IF(1+SUMPRODUCT(--(IF(CHOOSE({1;2;3;4;5},$C$8,$C$12,$C$13,$C$14,$C$15)<>"niet", --RIGHT(CHOOSE({1;2;3;4;5},$A$8,$A$12,$A$13,$A$14,$A$15),1), -1) >--RIGHT($A8,1)))=2, "voorlaatste", "" ) ) )} -> voorlaatste
A9: ND-01 | B9: Nieuwsdienstpagina | C9: Spread | D9: Geen | E9: Geen | F9: Spread | G9: =IF(C9="Spread",2,IF(C9="Enkele pagina",1,IF(C9="Niet",0,""))) -> 2 | H9: =IF(AND(OR(D9="Geen",D9=""),OR(E9="Geen",E9="")),"W00",IF(OR(D9="Geen",D9=""),TRIM(LEFT(E9,3)),IF(OR(E9="Geen",E9=""),TRIM(LEFT(D9,3)),IF(VALUE(MID(TRIM(LEFT(D9,3)),2,99))<=VALUE(MID(TRIM(LEFT(E9,3)),2,99)),TRIM(LEFT(D9,3))&"+" &TRIM(LEFT(E9,3)),TRIM(LEFT(E9,3))&"+" &TRIM(LEFT(D9,3)))))) -> W00 | I9: =IF(H9="","",IFERROR(H9 & "; " & VLOOKUP(H9,Mapping_Gewenst!$A$2:$B$20,2,FALSE),H9)) -> W00 | J9: =IF(OR(H9="",H9="Geen"),"",IF(H9<>"W00",H9,"W32")) -> W32 | K9: =IF(OR(H9="",H9="Geen"),"",IF(H9<>"W00",H9,"W23")) -> W23 | L9: =IF(OR(I9="",H9="Geen"),"",IF(H9<>"W00",H9,"W16")) -> W16 | N9: =IF(C9="Spread","Spread; Combinatie; Combi_noodgreep",IF(C9="Enkele pagina","Enkele pagina",IF(C9="niet",NA(),""))) -> Spread; Combinatie; Combi_noodgreep
A10: ND-02 | B10: Nieuwsdienstpagina 2 | C10: niet | D10: Geen | E10: Geen | F10: niet | G10: =IF(C10="Spread",2,IF(C10="Enkele pagina",1,IF(C10="Niet",0,""))) -> 0 | H10: =IF(AND(OR(D10="Geen",D10=""),OR(E10="Geen",E10="")),"W00",IF(OR(D10="Geen",D10=""),TRIM(LEFT(E10,3)),IF(OR(E10="Geen",E10=""),TRIM(LEFT(D10,3)),IF(VALUE(MID(TRIM(LEFT(D10,3)),2,99))<=VALUE(MID(TRIM(LEFT(E10,3)),2,99)),TRIM(LEFT(D10,3))&"+" &TRIM(LEFT(E10,3)),TRIM(LEFT(E10,3))&"+" &TRIM(LEFT(D10,3)))))) -> W00 | I10: =IF(H10="","",IFERROR(H10 & "; " & VLOOKUP(H10,Mapping_Gewenst!$A$2:$B$20,2,FALSE),H10)) -> W00 | J10: =IF(OR(H10="",H10="Geen"),"",IF(H10<>"W00",H10,"W32")) -> W32 | K10: =IF(OR(H10="",H10="Geen"),"",IF(H10<>"W00",H10,"W23")) -> W23 | L10: =IF(OR(I10="",H10="Geen"),"",IF(H10<>"W00",H10,"W16")) -> W16 | N10: =IF(C10="Spread","Spread; Combinatie; Combi_noodgreep",IF(C10="Enkele pagina","Enkele pagina",IF(C10="niet",NA(),""))) -> #N/A
A11: ND-03 | B11: Nieuwsdienstpagina 3 | C11: niet | D11: Geen | E11: Geen | F11: niet | G11: =IF(C11="Spread",2,IF(C11="Enkele pagina",1,IF(C11="Niet",0,""))) -> 0 | H11: =IF(AND(OR(D11="Geen",D11=""),OR(E11="Geen",E11="")),"W00",IF(OR(D11="Geen",D11=""),TRIM(LEFT(E11,3)),IF(OR(E11="Geen",E11=""),TRIM(LEFT(D11,3)),IF(VALUE(MID(TRIM(LEFT(D11,3)),2,99))<=VALUE(MID(TRIM(LEFT(E11,3)),2,99)),TRIM(LEFT(D11,3))&"+" &TRIM(LEFT(E11,3)),TRIM(LEFT(E11,3))&"+" &TRIM(LEFT(D11,3)))))) -> W00 | I11: =IF(H11="","",IFERROR(H11 & "; " & VLOOKUP(H11,Mapping_Gewenst!$A$2:$B$20,2,FALSE),H11)) -> W00 | J11: =IF(OR(H11="",H11="Geen"),"",IF(H11<>"W00",H11,"W32")) -> W32 | K11: =IF(OR(H11="",H11="Geen"),"",IF(H11<>"W00",H11,"W23")) -> W23 | L11: =IF(OR(I11="",H11="Geen"),"",IF(H11<>"W00",H11,"W16")) -> W16 | N11: =IF(C11="Spread","Spread; Combinatie; Combi_noodgreep",IF(C11="Enkele pagina","Enkele pagina",IF(C11="niet",NA(),""))) -> #N/A
A12: ZU-U2 | B12: Uitwisselpositie Zuid 2 | C12: Enkele pagina | D12: Geen | E12: Geen | F12: Enkele pagina | G12: =IF(C12="Spread",2,IF(C12="Enkele pagina",1,IF(C12="Niet",0,""))) -> 1 | H12: =IF(AND(OR(D12="Geen",D12=""),OR(E12="Geen",E12="")),"W00",IF(OR(D12="Geen",D12=""),TRIM(LEFT(E12,3)),IF(OR(E12="Geen",E12=""),TRIM(LEFT(D12,3)),IF(VALUE(MID(TRIM(LEFT(D12,3)),2,99))<=VALUE(MID(TRIM(LEFT(E12,3)),2,99)),TRIM(LEFT(D12,3))&"+" &TRIM(LEFT(E12,3)),TRIM(LEFT(E12,3))&"+" &TRIM(LEFT(D12,3)))))) -> W00 | I12: =IF(H12="","",IFERROR(H12 & "; " & VLOOKUP(H12,Mapping_Gewenst!$A$2:$B$20,2,FALSE),H12)) -> W00 | J12: =IF(OR(H12="",H12="Geen"),"",IF(H12<>"W00",H12,"W32")) -> W32 | K12: =IF(OR(H12="",H12="Geen"),"",IF(H12<>"W00",H12,"W23")) -> W23 | L12: =IF(OR(I12="",H12="Geen"),"",IF(H12<>"W00",H12,"W16")) -> W16 | N12: =IF(C12="Spread","Spread; Combinatie; Combi_noodgreep",IF(C12="Enkele pagina","Enkele pagina",IF(C12="niet",NA(),""))) -> Enkele pagina | O12: {=IF($C12="niet","", IF(1+SUMPRODUCT(--(IF(CHOOSE({1;2;3;4;5},$C$8,$C$12,$C$13,$C$14,$C$15)<>"niet", --RIGHT(CHOOSE({1;2;3;4;5},$A$8,$A$12,$A$13,$A$14,$A$15),1), -1) >--RIGHT($A12,1)))=1, "laatste", IF(1+SUMPRODUCT(--(IF(CHOOSE({1;2;3;4;5},$C$8,$C$12,$C$13,$C$14,$C$15)<>"niet", --RIGHT(CHOOSE({1;2;3;4;5},$A$8,$A$12,$A$13,$A$14,$A$15),1), -1) >--RIGHT($A12,1)))=2, "voorlaatste", "" ) ) )} -> laatste
A13: ZU-U3 | B13: Uitwisselpositie Zuid 3 | C13: niet | D13: Geen | E13: Geen | F13: Niet | G13: =IF(C13="Spread",2,IF(C13="Enkele pagina",1,IF(C13="Niet",0,""))) -> 0 | H13: =IF(AND(OR(D13="Geen",D13=""),OR(E13="Geen",E13="")),"W00",IF(OR(D13="Geen",D13=""),TRIM(LEFT(E13,3)),IF(OR(E13="Geen",E13=""),TRIM(LEFT(D13,3)),IF(VALUE(MID(TRIM(LEFT(D13,3)),2,99))<=VALUE(MID(TRIM(LEFT(E13,3)),2,99)),TRIM(LEFT(D13,3))&"+" &TRIM(LEFT(E13,3)),TRIM(LEFT(E13,3))&"+" &TRIM(LEFT(D13,3)))))) -> W00 | I13: =IF(H13="","",IFERROR(H13 & "; " & VLOOKUP(H13,Mapping_Gewenst!$A$2:$B$20,2,FALSE),H13)) -> W00 | J13: =IF(OR(H13="",H13="Geen"),"",IF(H13<>"W00",H13,"W32")) -> W32 | K13: =IF(OR(H13="",H13="Geen"),"",IF(H13<>"W00",H13,"W23")) -> W23 | L13: =IF(OR(I13="",H13="Geen"),"",IF(H13<>"W00",H13,"W16")) -> W16 | N13: =IF(C13="Spread","Spread; Combinatie; Combi_noodgreep",IF(C13="Enkele pagina","Enkele pagina",IF(C13="niet",NA(),""))) -> #N/A | O13: {=IF($C13="niet","", IF(1+SUMPRODUCT(--(IF(CHOOSE({1;2;3;4;5},$C$8,$C$12,$C$13,$C$14,$C$15)<>"niet", --RIGHT(CHOOSE({1;2;3;4;5},$A$8,$A$12,$A$13,$A$14,$A$15),1), -1) >--RIGHT($A13,1)))=1, "laatste", IF(1+SUMPRODUCT(--(IF(CHOOSE({1;2;3;4;5},$C$8,$C$12,$C$13,$C$14,$C$15)<>"niet", --RIGHT(CHOOSE({1;2;3;4;5},$A$8,$A$12,$A$13,$A$14,$A$15),1), -1) >--RIGHT($A13,1)))=2, "voorlaatste", "" ) ) )}
A14: ZU-U4 | B14: Uitwisselpositie Zuid 4 | C14: niet | D14: Geen | E14: Geen | F14: Niet | G14: =IF(C14="Spread",2,IF(C14="Enkele pagina",1,IF(C14="Niet",0,""))) -> 0 | H14: =IF(AND(OR(D14="Geen",D14=""),OR(E14="Geen",E14="")),"W00",IF(OR(D14="Geen",D14=""),TRIM(LEFT(E14,3)),IF(OR(E14="Geen",E14=""),TRIM(LEFT(D14,3)),IF(VALUE(MID(TRIM(LEFT(D14,3)),2,99))<=VALUE(MID(TRIM(LEFT(E14,3)),2,99)),TRIM(LEFT(D14,3))&"+" &TRIM(LEFT(E14,3)),TRIM(LEFT(E14,3))&"+" &TRIM(LEFT(D14,3)))))) -> W00 | I14: =IF(H14="","",IFERROR(H14 & "; " & VLOOKUP(H14,Mapping_Gewenst!$A$2:$B$20,2,FALSE),H14)) -> W00 | J14: =IF(OR(H14="",H14="Geen"),"",IF(H14<>"W00",H14,"W32")) -> W32 | K14: =IF(OR(H14="",H14="Geen"),"",IF(H14<>"W00",H14,"W23")) -> W23 | L14: =IF(OR(I14="",H14="Geen"),"",IF(H14<>"W00",H14,"W16")) -> W16 | N14: =IF(C14="Spread","Spread; Combinatie; Combi_noodgreep",IF(C14="Enkele pagina","Enkele pagina",IF(C14="niet",NA(),""))) -> #N/A | O14: {=IF($C14="niet","", IF(1+SUMPRODUCT(--(IF(CHOOSE({1;2;3;4;5},$C$8,$C$12,$C$13,$C$14,$C$15)<>"niet", --RIGHT(CHOOSE({1;2;3;4;5},$A$8,$A$12,$A$13,$A$14,$A$15),1), -1) >--RIGHT($A14,1)))=1, "laatste", IF(1+SUMPRODUCT(--(IF(CHOOSE({1;2;3;4;5},$C$8,$C$12,$C$13,$C$14,$C$15)<>"niet", --RIGHT(CHOOSE({1;2;3;4;5},$A$8,$A$12,$A$13,$A$14,$A$15),1), -1) >--RIGHT($A14,1)))=2, "voorlaatste", "" ) ) )}
A15: ZU-U5 | B15: Uitwisselpositie Zuid 5 | C15: niet | D15: Geen | E15: Geen | F15: Niet | G15: =IF(C15="Spread",2,IF(C15="Enkele pagina",1,IF(C15="Niet",0,""))) -> 0 | H15: =IF(AND(OR(D15="Geen",D15=""),OR(E15="Geen",E15="")),"W00",IF(OR(D15="Geen",D15=""),TRIM(LEFT(E15,3)),IF(OR(E15="Geen",E15=""),TRIM(LEFT(D15,3)),IF(VALUE(MID(TRIM(LEFT(D15,3)),2,99))<=VALUE(MID(TRIM(LEFT(E15,3)),2,99)),TRIM(LEFT(D15,3))&"+" &TRIM(LEFT(E15,3)),TRIM(LEFT(E15,3))&"+" &TRIM(LEFT(D15,3)))))) -> W00 | I15: =IF(H15="","",IFERROR(H15 & "; " & VLOOKUP(H15,Mapping_Gewenst!$A$2:$B$20,2,FALSE),H15)) -> W00 | J15: =IF(OR(H15="",H15="Geen"),"",IF(H15<>"W00",H15,"W32")) -> W32 | K15: =IF(OR(H15="",H15="Geen"),"",IF(H15<>"W00",H15,"W23")) -> W23 | L15: =IF(OR(I15="",H15="Geen"),"",IF(H15<>"W00",H15,"W16")) -> W16 | N15: =IF(C15="Spread","Spread; Combinatie; Combi_noodgreep",IF(C15="Enkele pagina","Enkele pagina",IF(C15="niet",NA(),""))) -> #N/A | O15: {=IF($C15="niet","", IF(1+SUMPRODUCT(--(IF(CHOOSE({1;2;3;4;5},$C$8,$C$12,$C$13,$C$14,$C$15)<>"niet", --RIGHT(CHOOSE({1;2;3;4;5},$A$8,$A$12,$A$13,$A$14,$A$15),1), -1) >--RIGHT($A15,1)))=1, "laatste", IF(1+SUMPRODUCT(--(IF(CHOOSE({1;2;3;4;5},$C$8,$C$12,$C$13,$C$14,$C$15)<>"niet", --RIGHT(CHOOSE({1;2;3;4;5},$A$8,$A$12,$A$13,$A$14,$A$15),1), -1) >--RIGHT($A15,1)))=2, "voorlaatste", "" ) ) )}
A16: NM-U2 | B16: Uitwisselpositie NM 2 | C16: Spread | D16: Geen | E16: Geen | F16: Enkele pagina | G16: =IF(C16="Spread",2,IF(C16="Enkele pagina",1,IF(C16="Niet",0,""))) -> 2 | H16: =IF(AND(OR(D16="Geen",D16=""),OR(E16="Geen",E16="")),"W00",IF(OR(D16="Geen",D16=""),TRIM(LEFT(E16,3)),IF(OR(E16="Geen",E16=""),TRIM(LEFT(D16,3)),IF(VALUE(MID(TRIM(LEFT(D16,3)),2,99))<=VALUE(MID(TRIM(LEFT(E16,3)),2,99)),TRIM(LEFT(D16,3))&"+" &TRIM(LEFT(E16,3)),TRIM(LEFT(E16,3))&"+" &TRIM(LEFT(D16,3)))))) -> W00 | I16: =IF(H16="","",IFERROR(H16 & "; " & VLOOKUP(H16,Mapping_Gewenst!$A$2:$B$20,2,FALSE),H16)) -> W00 | J16: =IF(OR(H16="",H16="Geen"),"",IF(H16<>"W00",H16,"W32")) -> W32 | K16: =IF(OR(H16="",H16="Geen"),"",IF(H16<>"W00",H16,"W23")) -> W23 | L16: =IF(OR(I16="",H16="Geen"),"",IF(H16<>"W00",H16,"W16")) -> W16 | N16: =IF(C16="Spread","Spread; Combinatie; Combi_noodgreep",IF(C16="Enkele pagina","Enkele pagina",IF(C16="niet",NA(),""))) -> Spread; Combinatie; Combi_noodgreep | O16: {=IF($C16="niet","", IF( 1+SUMPRODUCT( --(CHOOSE({1;2;3;4;5},$C$4,$C$16,$C$17,$C$18,$C$19)<>"niet")* --(--RIGHT(CHOOSE({1;2;3;4;5},$A$4,$A$16,$A$17,$A$18,$A$19),1) > --RIGHT($A16,1)) )=1, "laatste", IF( 1+SUMPRODUCT( --(CHOOSE({1;2;3;4;5},$C$4,$C$16,$C$17,$C$18,$C$19)<>"niet")* --(--RIGHT(CHOOSE({1;2;3;4;5},$A$4,$A$16,$A$17,$A$18,$A$19),1) > --RIGHT($A16,1)) )=2, "voorlaatste", "" ) ) )} -> voorlaatste
A17: NM-U3 | B17: Uitwisselpositie NM 3 | C17: Enkele pagina | D17: Geen | E17: Geen | F17: Spread | G17: =IF(C17="Spread",2,IF(C17="Enkele pagina",1,IF(C17="Niet",0,""))) -> 1 | H17: =IF(AND(OR(D17="Geen",D17=""),OR(E17="Geen",E17="")),"W00",IF(OR(D17="Geen",D17=""),TRIM(LEFT(E17,3)),IF(OR(E17="Geen",E17=""),TRIM(LEFT(D17,3)),IF(VALUE(MID(TRIM(LEFT(D17,3)),2,99))<=VALUE(MID(TRIM(LEFT(E17,3)),2,99)),TRIM(LEFT(D17,3))&"+" &TRIM(LEFT(E17,3)),TRIM(LEFT(E17,3))&"+" &TRIM(LEFT(D17,3)))))) -> W00 | I17: =IF(H17="","",IFERROR(H17 & "; " & VLOOKUP(H17,Mapping_Gewenst!$A$2:$B$20,2,FALSE),H17)) -> W00 | J17: =IF(OR(H17="",H17="Geen"),"",IF(H17<>"W00",H17,"W32")) -> W32 | K17: =IF(OR(H17="",H17="Geen"),"",IF(H17<>"W00",H17,"W23")) -> W23 | L17: =IF(OR(I17="",H17="Geen"),"",IF(H17<>"W00",H17,"W16")) -> W16 | N17: =IF(C17="Spread","Spread; Combinatie; Combi_noodgreep",IF(C17="Enkele pagina","Enkele pagina",IF(C17="niet",NA(),""))) -> Enkele pagina | O17: {=IF($C17="niet","", IF( 1+SUMPRODUCT( --(CHOOSE({1;2;3;4;5},$C$4,$C$16,$C$17,$C$18,$C$19)<>"niet")* --(--RIGHT(CHOOSE({1;2;3;4;5},$A$4,$A$16,$A$17,$A$18,$A$19),1) > --RIGHT($A17,1)) )=1, "laatste", IF( 1+SUMPRODUCT( --(CHOOSE({1;2;3;4;5},$C$4,$C$16,$C$17,$C$18,$C$19)<>"niet")* --(--RIGHT(CHOOSE({1;2;3;4;5},$A$4,$A$16,$A$17,$A$18,$A$19),1) > --RIGHT($A17,1)) )=2, "voorlaatste", "" ) ) )} -> laatste
A18: NM-U4 | B18: Uitwisselpositie NM 4 | C18: niet | D18: Geen | E18: Geen | F18: Spread | G18: =IF(C18="Spread",2,IF(C18="Enkele pagina",1,IF(C18="Niet",0,""))) -> 0 | H18: =IF(AND(OR(D18="Geen",D18=""),OR(E18="Geen",E18="")),"W00",IF(OR(D18="Geen",D18=""),TRIM(LEFT(E18,3)),IF(OR(E18="Geen",E18=""),TRIM(LEFT(D18,3)),IF(VALUE(MID(TRIM(LEFT(D18,3)),2,99))<=VALUE(MID(TRIM(LEFT(E18,3)),2,99)),TRIM(LEFT(D18,3))&"+" &TRIM(LEFT(E18,3)),TRIM(LEFT(E18,3))&"+" &TRIM(LEFT(D18,3)))))) -> W00 | I18: =IF(H18="","",IFERROR(H18 & "; " & VLOOKUP(H18,Mapping_Gewenst!$A$2:$B$20,2,FALSE),H18)) -> W00 | J18: =IF(OR(H18="",H18="Geen"),"",IF(H18<>"W00",H18,"W32")) -> W32 | K18: =IF(OR(H18="",H18="Geen"),"",IF(H18<>"W00",H18,"W23")) -> W23 | L18: =IF(OR(I18="",H18="Geen"),"",IF(H18<>"W00",H18,"W16")) -> W16 | N18: =IF(C18="Spread","Spread; Combinatie; Combi_noodgreep",IF(C18="Enkele pagina","Enkele pagina",IF(C18="niet",NA(),""))) -> #N/A | O18: {=IF($C18="niet","", IF( 1+SUMPRODUCT( --(CHOOSE({1;2;3;4;5},$C$4,$C$16,$C$17,$C$18,$C$19)<>"niet")* --(--RIGHT(CHOOSE({1;2;3;4;5},$A$4,$A$16,$A$17,$A$18,$A$19),1) > --RIGHT($A18,1)) )=1, "laatste", IF( 1+SUMPRODUCT( --(CHOOSE({1;2;3;4;5},$C$4,$C$16,$C$17,$C$18,$C$19)<>"niet")* --(--RIGHT(CHOOSE({1;2;3;4;5},$A$4,$A$16,$A$17,$A$18,$A$19),1) > --RIGHT($A18,1)) )=2, "voorlaatste", "" ) ) )}
A19: NM-U5 | B19: Uitwisselpositie NM 5 | C19: niet | D19: Geen | E19: Geen | F19: Spread | G19: =IF(C19="Spread",2,IF(C19="Enkele pagina",1,IF(C19="Niet",0,""))) -> 0 | H19: =IF(AND(OR(D19="Geen",D19=""),OR(E19="Geen",E19="")),"W00",IF(OR(D19="Geen",D19=""),TRIM(LEFT(E19,3)),IF(OR(E19="Geen",E19=""),TRIM(LEFT(D19,3)),IF(VALUE(MID(TRIM(LEFT(D19,3)),2,99))<=VALUE(MID(TRIM(LEFT(E19,3)),2,99)),TRIM(LEFT(D19,3))&"+" &TRIM(LEFT(E19,3)),TRIM(LEFT(E19,3))&"+" &TRIM(LEFT(D19,3)))))) -> W00 | I19: =IF(H19="","",IFERROR(H19 & "; " & VLOOKUP(H19,Mapping_Gewenst!$A$2:$B$20,2,FALSE),H19)) -> W00 | J19: =IF(OR(H19="",H19="Geen"),"",IF(H19<>"W00",H19,"W32")) -> W32 | K19: =IF(OR(H19="",H19="Geen"),"",IF(H19<>"W00",H19,"W23")) -> W23 | L19: =IF(OR(I19="",H19="Geen"),"",IF(H19<>"W00",H19,"W16")) -> W16 | N19: =IF(C19="Spread","Spread; Combinatie; Combi_noodgreep",IF(C19="Enkele pagina","Enkele pagina",IF(C19="niet",NA(),""))) -> #N/A | O19: {=IF($C19="niet","", IF( 1+SUMPRODUCT( --(CHOOSE({1;2;3;4;5},$C$4,$C$16,$C$17,$C$18,$C$19)<>"niet")* --(--RIGHT(CHOOSE({1;2;3;4;5},$A$4,$A$16,$A$17,$A$18,$A$19),1) > --RIGHT($A19,1)) )=1, "laatste", IF( 1+SUMPRODUCT( --(CHOOSE({1;2;3;4;5},$C$4,$C$16,$C$17,$C$18,$C$19)<>"niet")* --(--RIGHT(CHOOSE({1;2;3;4;5},$A$4,$A$16,$A$17,$A$18,$A$19),1) > --RIGHT($A19,1)) )=2, "voorlaatste", "" ) ) )}

Sheet Mapping_Gewenst
A1: Advertenties | B1: Gewenste advertentiepositie
A2: W13+W17 | B2: W4
A3: W17+W23 | B3: W4
A4: W23+W32 | B4: W16
A5: W23+W29 | B5: W16
A6: W29+W29 | B6: W17
A7: W29+W32 | B7: W17
A8: W32+W32 | B8: W21
A9: W29+W35 | B9: W23
A10: W29+W37 | B10: W23
A11: W29+W39 | B11: W23
A12: W35+W35 | B12: W29
... A21: Geen+Geen | B21: W00
